t,E_core,E_kin,E_field,absorbed_cum,gauss_res
0.025,0.00040295774102871377,0.0003842161862008145,1.9870214011345905e-5,1.4079365137897063e-7,6.546e-7
0.15,0.0003966327145981804,0.0003781929066412963,1.9359748132097006e-5,3.4517057927367904e-7,1.285e-6
0.275,0.00039050894239838857,0.0003718162595385648,1.9552878879514313e-5,4.234659957551773e-7,3.167e-6
0.4,0.0003845950344173667,0.00036514070304124134,2.0305777436823627e-5,4.83277023808797e-7,5.463e-6
0.525,0.00037889513723808946,0.000359047315046909,2.0700956818496787e-5,5.369079000274627e-7,7.802e-6
0.65,0.0003733356887114469,0.0003535620634128924,2.0677768898402785e-5,5.908742261524846e-7,9.612e-6
0.775,0.0003679381958255535,0.00034834385888157945,2.056434285915697e-5,6.468210432099861e-7,1.134e-5
0.9,0.0003627597348267859,0.0003432230951219512,2.052716659767644e-5,6.996123945079327e-7,1.477e-5
1.025,0.0003577641287346418,0.00033816538614933004,2.059194874792854e-5,7.493802159446139e-7,1.917e-5
1.15,0.00035293856593488545,0.0003332007101058285,2.071707718123171e-5,7.994747642613672e-7,2.275e-5
1.275,0.00034825075800186617,0.0003283745075760337,2.0853588501586183e-5,8.451869059115768e-7,2.597e-5
1.4,0.00034369345982808246,0.00032371642683385433,2.0967084483704803e-5,8.834426442666023e-7,2.849e-5
1.525,0.00033928599502304485,0.00031924028673984355,2.1033371661850577e-5,9.174888552766951e-7,3.023e-5
1.65,0.00033500842317796796,0.0003149437923255502,2.1043524821750825e-5,9.517749200017786e-7,3.085e-5
1.775,0.0003308165436195311,0.00031078991115056316,2.1027700534874664e-5,9.86467754431836e-7,3.042e-5
1.9,0.0003267567799394554,0.00030671501352189665,2.1050638846473525e-5,1.0146924472345077e-6,3.018e-5
2.025,0.00032283132994398277,0.0003027059593103103,2.1121515452649127e-5,1.0366714160618436e-6,3.033e-5
2.15,0.0003189978653607293,0.0002988415862582555,2.1151155529373188e-5,1.0590675490719955e-6,3.074e-5
2.275,0.00031527299512418814,0.0002951865573018724,2.1070528342560166e-5,1.080142453418115e-6,3.137e-5
2.4,0.00031164706539045945,0.00029170261038547943,2.091491157223549e-5,1.0970891056707392e-6,3.224e-5
2.525,0.00030809996794093893,0.00028833480221665173,2.0734227763020495e-5,1.1121552217075798e-6,3.324e-5
2.65,0.00030465057174387805,0.0002850939232938577,2.051516311414069e-5,1.125135972399272e-6,3.412e-5
2.775,0.0003012833335608042,0.00028199139583864137,2.024080142599844e-5,1.1370501203720878e-6,3.464e-5
2.9,0.00029799215581617026,0.000278980997270165,1.9953290505848127e-5,1.1481354761041207e-6,3.486e-5
3.025,0.0002947742728963582,0.00027600521292607067,1.9708208651237017e-5,1.1578160978334847e-6,3.539e-5
3.15,0.0002916371329102585,0.00027303477193370366,1.953172706867411e-5,1.1668069727925877e-6,3.645e-5
3.275,0.00028857529171150733,0.00027006367023423353,1.9427142070441138e-5,1.1755028288322057e-6,3.76e-5
3.4,0.00028556854946014154,0.0002671047436196955,1.9379355393779562e-5,1.1838798074695867e-6,3.873e-5
3.525,0.0002826299301963658,0.0002641772491926611,1.9366142638897334e-5,1.1924243790744214e-6,4.01e-5
3.65,0.00027974614822900973,0.000261293698536032,1.9371913953602027e-5,1.2018908800553746e-6,4.125e-5
3.775,0.00027692020151769354,0.00025846489622405913,1.9384353816643033e-5,1.2117373033637954e-6,4.168e-5
3.9,0.0002741601152091389,0.0002557034703323383,1.9390248283730176e-5,1.2205205271740014e-6,4.173e-5
4.025,0.00027145735745780756,0.00025301811600765664,1.937861295657525e-5,1.2284952358741877e-6,4.207e-5
4.15,0.00026880919010613104,0.00025041120859205506,1.9344594381809928e-5,1.2362047367887212e-6,4.29e-5
4.275,0.0002662179594345413,0.00024788119354669704,1.928842301126665e-5,1.2431586277277764e-6,4.404e-5
4.4,0.00026367960070929134,0.0002454243967118609,1.921224180171935e-5,1.2491554907331267e-6,4.52e-5
4.525,0.00026119262676327186,0.0002430342894777215,1.912046240312167e-5,1.2546486461384258e-6,4.615e-5
4.65,0.0002587565970023519,0.00024070203424235917,1.902027290140991e-5,1.2597366742405055e-6,4.682e-5
4.775,0.00025636855344762994,0.00023841937518147863,1.8918622908841994e-5,1.2642837628424957e-6,4.713e-5
4.9,0.000254029163348714,0.000236180455126331,1.8819904644953803e-5,1.2683878905511575e-6,4.705e-5
5.025,0.0002517344608096401,0.00023398138781467032,1.872655565396034e-5,1.272164194992797e-6,4.675e-5
5.15,0.0002494859059559803,0.00023181913342750263,1.864027609003914e-5,1.2756549661709592e-6,4.633e-5
5.275,0.00024727894616184443,0.00022969121947644957,1.8562230882723543e-5,1.2789211242113622e-6,4.59e-5
5.4,0.00024511473822838906,0.00022759612593762035,1.8492686810138718e-5,1.2820139783651754e-6,4.556e-5
5.525,0.00024298967358841574,0.0002255335887078525,1.8430710561240636e-5,1.2849797745661074e-6,4.533e-5
5.65,0.00024090370212922463,0.00022350444477958685,1.837430561200182e-5,1.2878507655258459e-6,4.521e-5
5.775,0.0002388551080453638,0.00022150977841593953,1.832125103777515e-5,1.2906504567074985e-6,4.518e-5
5.9,0.00023684263108539644,0.0002195501370095142,1.826992586006749e-5,1.2933863527893e-6,4.523e-5
6.025,0.00023486598288124737,0.00021762514922831595,1.8219649552074013e-5,1.2960784046422665e-6,4.535e-5
6.15,0.00023292325970958409,0.00021573367308917198,1.8170589275406398e-5,1.2987123528976538e-6,4.551e-5
6.275,0.00023101463732410493,0.0002138743412358153,1.8123148863128424e-5,1.3012952271515747e-6,4.57e-5
6.4,0.00022913790096792404,0.00021204596910513718,1.8077609724362647e-5,1.3038161472897968e-6,4.588e-5
6.525,0.00022729313826445088,0.00021024764964546144,1.8033972113718294e-5,1.3062757102750105e-6,4.605e-5
6.65,0.0002254784616232214,0.00020847869416232146,1.799204268831278e-5,1.308683786234479e-6,4.621e-5
6.775,0.00022369396836605543,0.000206738513006812,1.795158395276681e-5,1.3110413388018067e-6,4.635e-5
6.9,0.00022193814642166876,0.00020502657091808912,1.791233050842538e-5,1.3133611763685637e-6,4.648e-5
7.025,0.00022021111264336853,0.00020334241614705507,1.787397697715615e-5,1.315640359389697e-6,4.66e-5
7.15,0.00021851156394791813,0.00020168580106673349,1.7836027173294322e-5,1.3178850719375364e-6,4.673e-5
7.275,0.00021683945569107721,0.0002000566707287563,1.7797828705980536e-5,1.320088638699031e-6,4.685e-5
7.4,0.00021519335644216249,0.00019845489934854505,1.775881654418817e-5,1.3222483310150894e-6,4.696e-5
7.525,0.00021357311265681313,0.00019687990720267462,1.7718899654091654e-5,1.3243599765148623e-6,4.706e-5
7.65,0.0002119774678302571,0.0001953305042812987,1.7678614089056e-5,1.3264238022501122e-6,4.715e-5
7.775,0.00021040620377172666,0.00019380506710132785,1.7638950149492992e-5,1.3284442859536105e-6,4.724e-5
7.9,0.00020885853488325287,0.00019230192336949306,1.760096996398869e-5,1.3304286087735679e-6,4.733e-5
8.025,0.0002073338627466409,0.0001908196960285624,1.7565463285379513e-5,1.332383992121358e-6,4.744e-5
8.15,0.0002058317558918031,0.0001893574964199434,1.753275928162091e-5,1.3343107416290897e-6,4.754e-5
8.275,0.000204351429619484,0.0001879149413948529,1.7502701102818853e-5,1.3362076431078312e-6,4.764e-5
8.4,0.00020289266257792442,0.00018649205474270423,1.7474739360430633e-5,1.3380742552243575e-6,4.773e-5
8.525,0.00020145461803937554,0.00018508911580421357,1.744808358581229e-5,1.3399092945308998e-6,4.78e-5
8.65,0.00020003721710524597,0.00018370650853574187,1.7421852037906465e-5,1.3417131499468873e-6,4.786e-5
8.775,0.0001986394929346573,0.00018234461404518425,1.739518051839892e-5,1.3434869793239353e-6,4.79e-5
8.9,0.00019726161522185337,0.00018100374958963925,1.7367285528278103e-5,1.3452312680629415e-6,4.791e-5
9.025,0.00019590246068190877,0.00017968414520215355,1.7337484494642156e-5,1.3469484259115296e-6,4.788e-5
9.15,0.00019456237671709124,0.0001783859188229967,1.7305225304752063e-5,1.348638891088164e-6,4.782e-5
9.275,0.00019324027677642433,0.00017710905739213128,1.727010170860453e-5,1.350302512091783e-6,4.773e-5
9.4,0.00019193646913666157,0.0001758533932320861,1.7231876335020505e-5,1.3519397026909402e-6,4.759e-5
9.525,0.00019065007798116092,0.00017461859983314843,1.7190487877667525e-5,1.3535489267558895e-6,4.743e-5
9.65,0.00018938122249378866,0.00017340419333468376,1.7146045642445937e-5,1.3551302710608366e-6,4.722e-5
9.775,0.0001881292806884013,0.00017220955409781374,1.7098810295388677e-5,1.356682417701494e-6,4.699e-5
9.9,0.00018689418172034968,0.00017103395017203994,1.7049168269638365e-5,1.3582048005528032e-6,4.672e-5
10.025,0.00018567548083160524,0.00016987655219197136,1.6997615636318986e-5,1.3596972065028116e-6,4.642e-5
10.15,0.00018447302563101708,0.00016873643647028069,1.6944755642994024e-5,1.3611585451774382e-6,4.608e-5
10.275,0.0001832864283992726,0.00016761260680050433,1.6891273322928494e-5,1.3625895742823832e-6,4.571e-5
10.4,0.00018211554692890917,0.00016650404814764835,1.6837885848818045e-5,1.3639892256292777e-6,4.53e-5
10.525,0.0001809599930451378,0.00016540980313221933,1.678526143018343e-5,1.3653583868010923e-6,4.487e-5
10.65,0.00017981960641703232,0.0001643290281718459,1.6733964659941307e-5,1.366696983672189e-6,4.442e-5
10.775,0.00017869405532220785,0.00016326101155680618,1.6684434294478216e-5,1.3680057780149356e-6,4.394e-5
10.9,0.00017758305954233288,0.00016220516122591178,1.6636995184791242e-5,1.36928623553839e-6,4.344e-5
11.025,0.00017648646317239497,0.00016116098785251136,1.6591875191319424e-5,1.3705394025407594e-6,4.293e-5
11.15,0.00017540379422436645,0.00016012810108597867,1.6549208593388974e-5,1.3717669807117944e-6,4.241e-5
11.275,0.00017433513003615778,0.00015910621916182172,1.6509027567558758e-5,1.3729701094612866e-6,4.188e-5
11.4,0.0001732798058442534,0.00015809518042189918,1.6471250031630473e-5,1.3741493295581005e-6,4.134e-5
11.525,0.0001722380550169199,0.00015709494982852715,1.643567132624973e-5,1.375305903231554e-6,4.08e-5
11.65,0.00017120909584883803,0.00015610560392589738,1.6401980239053218e-5,1.376439802462097e-6,4.026e-5
11.775,0.0001701931851800041,0.00015512730558487855,1.6369781060292762e-5,1.3775526712628787e-6,3.972e-5
11.9,0.00016918956234978193,0.0001541602644862457,1.633863546582811e-5,1.3786449831651636e-6,3.918e-5
12.025,0.00016819840052742117,0.00015320470384679527,1.6308093324118663e-5,1.3797180738380225e-6,3.864e-5
12.15,0.00016721906629808535,0.0001522608263702274,1.62777290060406e-5,1.3807728629024228e-6,3.81e-5
12.275,0.00016625159364354013,0.00015132878861556442,1.624716729317931e-5,1.3818097168196479e-6,3.757e-5
12.4,0.00016529550486298723,0.00015040867630719356,1.621610760140575e-5,1.382829855865995e-6,3.704e-5
12.525,0.0001643507000956817,0.00014950048517490153,1.6184343144686642e-5,1.383832972216094e-6,3.651e-5
12.65,0.00016341682726015645,0.0001486041120983885,1.6151770253482888e-5,1.3848203835981435e-6,3.599e-5
12.775,0.0001624937030082231,0.00014771934921520074,1.6118396318982827e-5,1.3857917188897981e-6,3.546e-5
12.9,0.00016158105085000866,0.00014684588764100908,1.608433323021849e-5,1.3867481432233141e-6,3.494e-5
13.025,0.00016067865316401607,0.0001459833254570186,1.604979135132185e-5,1.3876896546545958e-6,3.443e-5
13.15,0.00015978627171929702,0.00014513118778234656,1.60150588030537e-5,1.3886171767113863e-6,3.392e-5
13.275,0.00015890368421411316,0.0001442889446421879,1.598048220631884e-5,1.389531223253476e-6,3.341e-5
13.4,0.00015803067692057027,0.00014345604272947082,1.5946436039058003e-5,1.3904325413001316e-6,3.291e-5
13.525,0.0001571670312849992,0.0001426319326028486,1.5913296305948326e-5,1.3913220483165513e-6,3.242e-5
13.65,0.00015631256767088968,0.0001418160987134526,1.5881409470383293e-5,1.3922004449823267e-6,3.194e-5
13.775,0.00015546706395051983,0.00014100808280027697,1.5851069408866202e-5,1.3930688251827604e-6,3.148e-5
13.9,0.000154630387701444,0.00014020750678322728,1.5822493442004242e-5,1.3939279004194235e-6,3.103e-5
14.025,0.0001538023020628514,0.00013941408669891557,1.5795808297285133e-5,1.3947787319431028e-6,3.06e-5
14.15,0.00015298273047371832,0.0001386276452292225,1.577103713247581e-5,1.3956219691807016e-6,3.018e-5
14.275,0.0001521714161181827,0.0001378481133429027,1.5748097720431443e-5,1.3964584869701734e-6,2.979e-5
14.4,0.0001513683372755162,0.00013707553015914132,1.5726802388809484e-5,1.3972887575470257e-6,2.942e-5
14.525,0.00015057322076880556,0.00013631003160218907,1.5706868205640412e-5,1.3981133518238074e-6,2.908e-5
14.65,0.00014978608855280228,0.00013555184043174558,1.5687928912999032e-5,1.398932487055205e-6,2.875e-5
14.775,0.0001490066650693758,0.00013480124506942128,1.5669555483088433e-5,1.3997463575897728e-6,2.845e-5
14.9,0.00014823500142155128,0.00013405857696395802,1.565127840774356e-5,1.4005548959102863e-6,2.816e-5
15.025,0.0001474708311464594,0.00013332418282794778,1.563261529578233e-5,1.4013579134412118e-6,2.789e-5
15.15,0.00014671422028339734,0.0001325983976283807,1.5613098218193047e-5,1.4021550495423749e-6,2.764e-5
15.275,0.00014596492311426233,0.00013188151750407448,1.5592301047104575e-5,1.4029457810963836e-6,2.739e-5
15.4,0.000145223006833834,0.00013117377465153516,1.5569863985483122e-5,1.4037294868075843e-6,2.715e-5
15.525,0.00014448825688368592,0.00013047531909973295,1.554551324616688e-5,1.404505402721956e-6,2.692e-5
15.65,0.0001437607272370924,0.00012978620335147496,1.5519076371458204e-5,1.4052727560562366e-6,2.668e-5
15.775,0.00014304024633105108,0.0001291063744174921,1.5490489863953853e-5,1.4060307062874861e-6,2.644e-5
15.9,0.000142326837314612,0.00012843567067469104,1.5459802557206512e-5,1.4067784729259638e-6,2.619e-5
16.025,0.00014162038146797146,0.00012777382745081628,1.5427170691545804e-5,1.4075153493132546e-6,2.594e-5
16.15,0.00014092086042754554,0.00012712048451155215,1.539284994950412e-5,1.4082406647827442e-6,2.567e-5
16.275,0.00014022820907985797,0.0001264752016608872,1.5357179235512854e-5,1.4089540256931099e-6,2.538e-5
16.4,0.00013954236456606748,0.00012583747736951304,1.5320562993036446e-5,1.4096549668110198e-6,2.509e-5
16.525,0.0001388633078760145,0.0001252067728556412,1.5283446240556228e-5,1.4103434876232764e-6,2.477e-5
16.65,0.00013819093713233254,0.0001245825357098071,1.5246291063095402e-5,1.4110194180019658e-6,2.445e-5
16.775,0.00013752526426126955,0.00012396422707043638,1.5209548676370313e-5,1.4116831223556549e-6,2.411e-5
16.9,0.00013686615743501636,0.00012335134513926667,1.5173636375989233e-5,1.4123347850571263e-6,2.376e-5
17.025,0.00013621364439367738,0.00012274344775237684,1.5138913691658528e-5,1.4129750356507803e-6,2.341e-5
17.15,0.00013556757114961053,0.00012214016934670912,1.5105665611053745e-5,1.4136043960894058e-6,2.305e-5
17.275,0.00013492796821419834,0.00012154123478225151,1.5074088118884973e-5,1.4142236339590967e-6,2.269e-5
17.4,0.00013429466668252827,0.00012094646605995798,1.5044281261049716e-5,1.4148335037329828e-6,2.233e-5
17.525,0.0001336676885502243,0.00012035578453353149,1.5016246636216804e-5,1.4154347850186442e-6,2.197e-5
17.65,0.00013304685745108057,0.00011976920610251071,1.4989891584509052e-5,1.4160283121768824e-6,2.162e-5
17.775,0.00013243217575132114,0.00011918683163802573,1.49650387092652e-5,1.4166147666110906e-6,2.128e-5
17.9,0.000131823468690417,0.0001186088324187038,1.4941440161196784e-5,1.4171949167385765e-6,2.095e-5
18.025,0.00013122070972934794,0.00011803543104330332,1.4918796605905533e-5,1.417769260401898e-6,2.063e-5
18.15,0.0001306237350377087,0.00011746688095449515,1.4896777927414534e-5,1.4183383990932688e-6,2.032e-5
18.275,0.00013003248427780005,0.000116903443325193,1.487504664201413e-5,1.418902600242062e-6,2.003e-5
18.4,0.00012944681218659832,0.00011634536593807846,1.4853279571097948e-5,1.4194622579261796e-6,1.975e-5
18.525,0.00012886662603832906,0.00011579286114982115,1.4831189809489082e-5,1.4200174184902938e-6,1.948e-5
18.65,0.00012829179999523889,0.00011524608822049548,1.4808543934244357e-5,1.4205682891358307e-6,1.922e-5
18.775,0.00012772221507997283,0.00011470513882315898,1.4785177390851084e-5,1.4211147664123437e-6,1.897e-5
18.9,0.00012715776229876844,0.00011417002790466652,1.4761003182921311e-5,1.421656936197005e-6,1.873e-5
19.025,0.00012659830642722432,0.00011364068794778922,1.473601729842046e-5,1.4221946609443371e-6,1.849e-5
19.15,0.00012604374886485446,0.00011311697128707845,1.471029689788257e-5,1.422727991398241e-6,1.826e-5
19.275,0.00012549395087506566,0.00011259865663698042,1.4683994717585997e-5,1.423256882383859e-6,1.803e-5
19.4,0.0001249488206915934,0.00011208545942602464,1.4657327322582764e-5,1.423781434379487e-6,1.78e-5
19.525,0.0001244082252462939,0.00011157704896888548,1.4630560107257797e-5,1.424301796588922e-6,1.757e-5
19.65,0.00012387208016516685,0.00011107306680052595,1.4603988608643114e-5,1.4248181875896843e-6,1.735e-5
19.775,0.00012334026395419495,0.00011057314609634212,1.4577918030976992e-5,1.425330997887766e-6,1.713e-5
19.9,0.00012281269855099475,0.00011007693303579744,1.4552642253569105e-5,1.4258406001825441e-6,1.691e-5
20.025,0.00012228927620720788,0.0001095841070930612,1.4528423054249285e-5,1.4263476018067241e-6,1.67e-5
20.15,0.00012176992693100518,0.00010909439922612065,1.4505472007195464e-5,1.4268525212051987e-6,1.65e-5
20.275,0.00012125455718478445,0.0001086076073935044,1.4483934709295148e-5,1.4273560924254103e-6,1.631e-5
20.4,0.00012074310688181418,0.00010812360726506534,1.4463880011930213e-5,1.4278589218733963e-6,1.612e-5
20.525,0.00012023549659442799,0.00010764235860798956,1.44452932036306e-5,1.4283617397299255e-6,1.596e-5
20.65,0.000119731676827126,0.00010716390632577921,1.44280751783403e-5,1.4288651393001087e-6,1.58e-5
20.775,0.00011923158240660669,0.00010668837625407513,1.4412046257662385e-5,1.429369708329249e-6,1.566e-5
20.9,0.00011873517423351869,0.00010621596589043544,1.4396955490184272e-5,1.4298759029896702e-6,1.554e-5
21.025,0.00011824240114084001,0.00010574693088059208,1.438249412333102e-5,1.4303840541586233e-6,1.543e-5
21.15,0.00011775323397958282,0.00010528156776372316,1.4368312806059745e-5,1.4308943656462585e-6,1.533e-5
21.275,0.0001172676346852377,0.00010482019427146102,1.4354041377124893e-5,1.4314068432951733e-6,1.524e-5
21.4,0.0001167855836537459,0.00010436312834730842,1.4339309892307095e-5,1.431921364944231e-6,1.517e-5
21.525,0.0001163070543565,0.00010391066710832854,1.4323769897290861e-5,1.4324376006405348e-6,1.51e-5
21.65,0.00011583203683632677,0.00010346306698700409,1.4307114304412629e-5,1.4329550946887196e-6,1.503e-5
21.775,0.00011536051367098912,0.00010302052636777308,1.428909502433687e-5,1.4334732283071259e-6,1.497e-5
21.9,0.00011489248439348661,0.00010258317170742123,1.4269537007840583e-5,1.433991276983837e-6,1.49e-5
22.025,0.00011442793784862166,0.00010215104778873256,1.4248348070049029e-5,1.434508429782328e-6,1.482e-5
22.15,0.00011396688179752496,0.00010172411286181087,1.4225523817414864e-5,1.4350238168891045e-6,1.473e-5
22.275,0.00011350930841447418,0.00010130223894835261,1.420114742279785e-5,1.4355365659699614e-6,1.463e-5
22.4,0.00011305523170166483,0.00010088521740773809,1.4175384339094476e-5,1.4360458157220797e-6,1.451e-5
22.525,0.00011260464554641355,0.00010047276912235413,1.4148472222696009e-5,1.4365507755794243e-6,1.438e-5
22.65,0.00011215756704493404,0.00010006455849518861,1.4120706786199895e-5,1.4370507419221086e-6,1.423e-5
22.775,0.00011171399009275875,9.966021093954035e-5,1.4092424394470535e-5,1.4375451358348506e-6,1.406e-5
22.9,0.00011127393045270806,9.925933223957406e-5,1.406398250103347e-5,1.4380335253759312e-6,1.388e-5
23.025,0.00011083738077874544,9.88615289219452e-5,1.4035739137203298e-5,1.4385156341787248e-6,1.368e-5
23.15,0.0001104043506495158,9.846642843582175e-5,1.4008032632525563e-5,1.4389913598526954e-6,1.347e-5
23.275,0.00010997483057665525,9.807369760655291e-5,1.3981162877631196e-5,1.43946076237977e-6,1.325e-5
23.4,0.00010954881939111185,9.768305876019948e-5,1.3955375126073253e-5,1.4399240631133422e-6,1.303e-5
23.525,0.0001091263047329993,9.729430205109085e-5,1.3930847397296065e-5,1.4403816283131414e-6,1.28e-5
23.65,0.00010870727111012612,9.690729360842207e-5,1.3907682093857605e-5,1.4408339389445244e-6,1.258e-5
23.775,0.00010829170215974251,9.652197892309652e-5,1.3885902365059553e-5,1.4412815818861376e-6,1.237e-5
23.9,0.00010787956586895463,9.613838150728721e-5,1.3865453327800281e-5,1.4417251918135621e-6,1.217e-5
24.025,0.00010747084076617056,9.575659683192349e-5,1.3846208021555113e-5,1.4421654553254268e-6,1.198e-5
24.15,0.00010706547826441352,9.537678195299063e-5,1.3827977687037701e-5,1.4426030371393205e-6,1.181e-5
24.275,0.00010666345057303237,9.499914150590014e-5,1.3810525630960654e-5,1.4430385948296235e-6,1.166e-5
24.4,0.00010626469407465006,9.462391115781183e-5,1.3793583836781497e-5,1.4434727081726993e-6,1.153e-5
24.525,0.00010586917382892213,9.425133941378992e-5,1.3776871179330122e-5,1.4439058968967104e-6,1.142e-5
24.65,0.00010547681460428396,9.388166896833742e-5,1.3760112169812667e-5,1.4443385726675867e-6,1.133e-5
24.775,0.00010508757370514487,9.351511873702666e-5,1.3743054982647962e-5,1.4447710506211942e-6,1.126e-5
24.9,0.00010470136830874788,9.315186767420254e-5,1.372548770013991e-5,1.4452035381438468e-6,1.121e-5
25.025,0.00010431814783102411,9.279204143440283e-5,1.370725173788719e-5,1.4456361329395156e-6,1.117e-5
25.15,0.00010393782618010902,9.243570282691352e-5,1.368825164517069e-5,1.4460688528072289e-6,1.114e-5
25.275,0.00010356034596332939,9.208284633123195e-5,1.3668460713254043e-5,1.4465016179984988e-6,1.112e-5
25.4,0.00010318562245793174,9.173339732313016e-5,1.3647922035936647e-5,1.4469343150672427e-6,1.11e-5
25.525,0.0001028135931966726,9.138721541424681e-5,1.3626745050025025e-5,1.4473667665635732e-6,1.109e-5
25.65,0.00010244417817369415,9.104410244060013e-5,1.3605097732282622e-5,1.447798813175721e-6,1.107e-5
25.775,0.00010207731229951327,9.07038141256189e-5,1.3583195050076385e-5,1.4482302773126094e-6,1.105e-5
25.9,0.00010171292335276136,9.03660746277268e-5,1.3561284343339743e-5,1.4486610445446224e-6,1.103e-5
26.025,0.00010135094563320677,9.003059312046898e-5,1.3539628642513984e-5,1.4490910276808931e-6,1.101e-5
26.15,0.00010099131643515303,8.969708171048487e-5,1.351848893384081e-5,1.4495202308175638e-6,1.099e-5
26.275,0.00010063397228042442,8.936527297103478e-5,1.3498106534812632e-5,1.449948718298993e-6,1.097e-5
26.4,0.0001002788614006057,8.903493624378037e-5,1.3478686672981985e-5,1.4503766513590721e-6,1.095e-5
26.525,9.992592478495507e-5,8.870589174324088e-5,1.3460384296034963e-5,1.4508042633876887e-6,1.093e-5
26.65,9.957512172603296e-5,8.837802137716032e-5,1.3443293019054395e-5,1.4512318667447812e-6,1.093e-5
26.775,9.922639948191623e-5,8.805127589027086e-5,1.3427437867534405e-5,1.4516598339374021e-6,1.093e-5
26.9,9.887972806178645e-5,8.772567775520307e-5,1.3412772310422293e-5,1.4520885787578168e-6,1.095e-5
27.025,9.853506269354836e-5,8.74013195697646e-5,1.3399179721410876e-5,1.452518542844805e-6,1.098e-5
27.15,9.819238339296538e-5,8.707835814329697e-5,1.3386479227237754e-5,1.452950159420377e-6,1.104e-5
27.275,9.785165457367363e-5,8.675700462508104e-5,1.3374435532156109e-5,1.4533838455390358e-6,1.111e-5
27.4,9.751286540162925e-5,8.643751125415191e-5,1.3362772159019884e-5,1.453819958282484e-6,1.121e-5
27.525,9.717599017743297e-5,8.6120155506631e-5,1.335118725135124e-5,1.4542587939485515e-6,1.133e-5
27.65,9.684102604125629e-5,8.580522267562491e-5,1.3339371000743604e-5,1.4547005463138095e-6,1.146e-5
27.775,9.650795717063891e-5,8.549298798252668e-5,1.332702360557168e-5,1.4551453140782179e-6,1.162e-5
27.9,9.617678793058981e-5,8.518369945267155e-5,1.3313872686358549e-5,1.4555930688357775e-6,1.179e-5
28.025,9.584751238645196e-5,8.487756205366322e-5,1.3299689091780755e-5,1.4560436714313022e-6,1.197e-5
28.15,9.552014076794687e-5,8.457472455090913e-5,1.3284300139703115e-5,1.4564968543019587e-6,1.217e-5
28.275,9.519467604878324e-5,8.427526992241672e-5,1.326759950389849e-5,1.4569522459452065e-6,1.237e-5
28.4,9.487113322865972e-5,8.397920947898782e-5,1.3249553148127691e-5,1.4574093688483453e-6,1.257e-5
28.525,9.454952276483319e-5,8.368648124776318e-5,1.3230200983935361e-5,1.457867669761084e-6,1.278e-5
28.65,9.422986256069975e-5,8.339695281445117e-5,1.3209654144322618e-5,1.4583265308895178e-6,1.298e-5
28.775,9.391216886096695e-5,8.311042833464081e-5,1.3188088091234404e-5,1.4587853026304262e-6,1.318e-5
28.9,9.359646077085381e-5,8.282665925991499e-5,1.3165731966222173e-5,1.459243323080143e-6,1.338e-5
29.025,9.328275821865567e-5,8.254535794171223e-5,1.3142854882877173e-5,1.45969994928765e-6,1.357e-5
29.15,9.297107917505166e-5,8.226621361809901e-5,1.3119749977998512e-5,1.46015457855283e-6,1.375e-5
29.275,9.266144477931613e-5,8.198890950913078e-5,1.3096717227090608e-5,1.4606066746306795e-6,1.392e-5
29.4,9.235386959217328e-5,8.171314009129267e-5,1.307404605379e-5,1.4610557845069903e-6,1.409e-5
29.525,9.20483731706689e-5,8.143862744625831e-5,1.3051998797217706e-5,1.461501556675938e-6,1.426e-5
29.65,9.174496452648544e-5,8.116513592939472e-5,1.3030796030574996e-5,1.4619437487369985e-6,1.442e-5
29.775,9.14436592249978e-5,8.089248395897311e-5,1.301060459705993e-5,1.462382236036367e-6,1.458e-5
29.9,9.114445905943954e-5,8.062055238019649e-5,1.2991529082806568e-5,1.4628170081901895e-6,1.474e-5
30.025,9.084737316862176e-5,8.034928898096295e-5,1.2973607181873833e-5,1.4632481677595435e-6,1.49e-5
30.15,9.055239495490505e-5,8.007870880167126e-5,1.2956809232067106e-5,1.463675916800189e-6,1.506e-5
30.275,9.0259525192078e-5,7.98088903510574e-5,1.2941041862926481e-5,1.4641005465449958e-6,1.523e-5
30.4,8.996874825132809e-5,7.953996796211187e-5,1.2926155531979373e-5,1.4645224177786624e-6,1.541e-5
30.525,8.96800552876643e-5,7.927212089304276e-5,1.2911955396335965e-5,1.4649419436672593e-6,1.559e-5
30.65,8.939342204517583e-5,7.900555980380229e-5,1.2898214855014384e-5,1.4653595691241528e-6,1.578e-5
30.775,8.9108829823424e-5,7.87405114520281e-5,1.2884690856297965e-5,1.465775749834322e-6,1.598e-5
30.9,8.882624655929716e-5,7.84772025440733e-5,1.2871140029516861e-5,1.4661909358326847e-6,1.619e-5
31.025,8.854564387567057e-5,7.821584381334723e-5,1.285733460395327e-5,1.4666055501263636e-6,1.641e-5
31.15,8.82669830227611e-5,7.795661541173103e-5,1.2843077130325963e-5,1.467019980475355e-6,1.663e-5
31.275,8.799022725613885e-5,7.769965440987506e-5,1.2828213093216343e-5,1.4674345607548105e-6,1.686e-5
31.4,8.771533335247938e-5,7.744504530523331e-5,1.2812640628172965e-5,1.4678495728280833e-6,1.709e-5
31.525,8.744225822561696e-5,7.719281393968117e-5,1.2796316777054445e-5,1.468265233016155e-6,1.732e-5
31.65,8.717095629623664e-5,7.694292521793324e-5,1.2779259879376149e-5,1.468681703581649e-6,1.756e-5
31.775,8.69013800442237e-5,7.669528449375066e-5,1.2761548009779867e-5,1.469099085337796e-6,1.78e-5
31.9,8.663348296858529e-5,7.644974317774649e-5,1.2743313533623948e-5,1.4695174360455892e-6,1.803e-5
32.025,8.636721567284886e-5,7.6206108024144e-5,1.2724734193825878e-5,1.4699367689702657e-6,1.826e-5
32.15,8.610253307157654e-5,7.596415278737751e-5,1.2706021262458276e-5,1.4703570741916605e-6,1.849e-5
32.275,8.583938583214586e-5,7.572363208100237e-5,1.2687405559329725e-5,1.4707783216003634e-6,1.872e-5
32.4,8.557773175021657e-5,7.548429704924943e-5,1.2669122180071699e-5,1.471200480739384e-6,1.894e-5
32.525,8.531752400882821e-5,7.524591061535405e-5,1.2651394942573477e-5,1.4716235259212558e-6,1.915e-5
32.65,8.505872433130972e-5,7.500826230260288e-5,1.2634421494158282e-5,1.472047450833327e-6,1.936e-5
32.775,8.480128984347185e-5,7.477118139689889e-5,1.2618360038337853e-5,1.4724722733366475e-6,1.957e-5
32.9,8.454518702129903e-5,7.453454770469291e-5,1.2603318493881113e-5,1.4728980423794153e-6,1.977e-5
33.025,8.42903783487631e-5,7.429829920515603e-5,1.2589346776668357e-5,1.4733248405686355e-6,1.997e-5
33.15,8.403683570307481e-5,7.40624360703768e-5,1.2576432683745984e-5,1.4737527825292992e-6,2.017e-5
33.275,8.378452795257922e-5,7.382702080033091e-5,1.2564501632253794e-5,1.4741820144182663e-6,2.036e-5
33.4,8.353343262995079e-5,7.35921745270903e-5,1.255342027857421e-5,1.4746127045929565e-6,2.056e-5
33.525,8.328352568427571e-5,7.335806968047395e-5,1.254300377856322e-5,1.4750450404208155e-6,2.075e-5
33.65,8.303479054926321e-5,7.312491950252951e-5,1.2533026261532625e-5,1.4754792133306755e-6,2.095e-5
33.775,8.278721070587078e-5,7.28929650365578e-5,1.2523233849531934e-5,1.475915414240092e-6,2.115e-5
33.9,8.254077561102483e-5,7.266246036159545e-5,1.2513359448783382e-5,1.4763538161212686e-6,2.135e-5
34.025,8.229547641087795e-5,7.243365697726544e-5,1.2503138376144273e-5,1.4767945700462145e-6,2.155e-5
34.15,8.205130847243866e-5,7.220678830558757e-5,1.249232389277785e-5,1.477237788384823e-6,2.175e-5
34.275,8.180827034269884e-5,7.198205531657383e-5,1.2480701666201515e-5,1.4776835433878752e-6,2.196e-5
34.4,8.156636314928646e-5,7.175961410833684e-5,1.2468102312040448e-5,1.478131854011169e-6,2.216e-5
34.525,8.132559231562313e-5,7.153956615810783e-5,1.2454411229173755e-5,1.4785826881803575e-6,2.237e-5
34.65,8.10859643339402e-5,7.132195190203025e-5,1.2439575164322334e-5,1.4790359553556363e-6,2.257e-5
34.775,8.0847490578036e-5,7.11067478780972e-5,1.2423605094681791e-5,1.479491512860069e-6,2.278e-5
34.9,8.061018211570192e-5,7.089386778175992e-5,1.2406575286570003e-5,1.4799491650728765e-6,2.298e-5
35.025,8.037405493792122e-5,7.068316723862853e-5,1.2388618586371563e-5,1.4804086729123277e-6,2.319e-5
35.15,8.013912366943828e-5,7.047445211276829e-5,1.2369918259633802e-5,1.4808697593570155e-6,2.339e-5
35.275,7.99054074308838e-5,7.02674895818603e-5,1.235069688401976e-5,1.481332120697535e-6,2.359e-5
35.4,7.96729231359372e-5,7.006202147091707e-5,1.2331202988733933e-5,1.4817954368192622e-6,2.379e-5
35.525,7.944169111304535e-5,6.985777905809911e-5,1.2311696265172451e-5,1.482259382186196e-6,2.398e-5
35.65,7.921172886534911e-5,6.965449830446303e-5,1.2292432252244344e-5,1.482723638690213e-6,2.417e-5
35.775,7.89830558908401e-5,6.945193467755387e-5,1.2273647439914033e-5,1.4831879045121218e-6,2.436e-5
35.9,7.875568844068574e-5,6.924987662693181e-5,1.2255545682961865e-5,1.483651906964993e-6,2.455e-5
36.025,7.852964316039271e-5,6.904815691030653e-5,1.22382867571707e-5,1.4841154078267293e-6,2.473e-5
36.15,7.830493326761873e-5,6.88466611391444e-5,1.2221977722996281e-5,1.48457821401113e-6,2.491e-5
36.275,7.808157088087293e-5,6.864533296317731e-5,1.2206667619560834e-5,1.4850401786202175e-6,2.509e-5
36.4,7.785956462148764e-5,6.844417565427255e-5,1.219234576739523e-5,1.4855012077868157e-6,2.527e-5
36.525,7.763892068017305e-5,6.82432500056325e-5,1.2178943770444852e-5,1.4859612576516822e-6,2.545e-5
36.65,7.741964185935852e-5,6.804266872046271e-5,1.2166341043910758e-5,1.4864203367925022e-6,2.563e-5
36.775,7.720172745721244e-5,6.784258763366614e-5,1.2154373511194578e-5,1.4868784999205875e-6,2.58e-5
36.9,7.698517372254748e-5,6.764319442569053e-5,1.2142844889342487e-5,1.487335846206563e-6,2.598e-5
37.025,7.676997299431528e-5,6.744469545279279e-5,1.2131539853157428e-5,1.487792511057423e-6,2.616e-5
37.15,7.655611489790254e-5,6.724730154679977e-5,1.2120238233650044e-5,1.4882486613205628e-6,2.634e-5
37.275,7.634358504072352e-5,6.705121375837532e-5,1.2108729364131096e-5,1.488704486718019e-6,2.652e-5
37.4,7.613236671162378e-5,6.685660972064348e-5,1.209682567172968e-5,1.489160193355579e-6,2.67e-5
37.525,7.592243937819183e-5,6.66636317158044e-5,1.208437466955764e-5,1.489615996216814e-6,2.688e-5
37.65,7.571378088069502e-5,6.647237721408642e-5,1.2071268608149419e-5,1.4900721124078442e-6,2.706e-5
37.775,7.550636614483826e-5,6.628289241219102e-5,1.2057451194399522e-5,1.4905287557589307e-6,2.724e-5
37.9,7.530016900953515e-5,6.609516877693057e-5,1.2042920978044659e-5,1.4909861311263728e-6,2.742e-5
38.025,7.509516104389098e-5,6.590914332113372e-5,1.2027731200151905e-5,1.4914444314462743e-6,2.76e-5
38.15,7.489131334074624e-5,6.572470233217844e-5,1.2011986134732433e-5,1.4919038338150228e-6,2.778e-5
38.275,7.468859552000538e-5,6.554168828534642e-5,1.1995834159327816e-5,1.4923644990147527e-6,2.795e-5
38.4,7.448697719516358e-5,6.535990966224834e-5,1.1979458010478204e-5,1.4928265695599538e-6,2.812e-5
38.525,7.428642749503929e-5,6.517915300873095e-5,1.196306283887104e-5,1.4932901710140194e-6,2.829e-5
38.65,7.40869159883075e-5,6.499919622343079e-5,1.1946862830560125e-5,1.493755411790829e-6,2.846e-5
38.775,7.388841248283055e-5,6.481982255601987e-5,1.1931067228530358e-5,1.494222385585642e-6,2.862e-5
38.9,7.36908876581754e-5,6.464083423296749e-5,1.1915866639603566e-5,1.494691172446657e-6,2.878e-5
39.025,7.349431304062558e-5,6.446206496760104e-5,1.1901420478829181e-5,1.495161841352019e-6,2.894e-5
39.15,7.329866134305041e-5,6.428339049007292e-5,1.1887846341893042e-5,1.4956344515887125e-6,2.909e-5
39.275,7.310390657687379e-5,6.410473649653269e-5,1.18752119644565e-5,1.4961090548914047e-6,2.924e-5
39.4,7.2910024243611e-5,6.392608353329817e-5,1.1863530272598375e-5,1.4965856967618132e-6,2.939e-5
39.525,7.271699156962116e-5,6.374746847505424e-5,1.1852757830450363e-5,1.4970644177153621e-6,2.953e-5
39.65,7.252478750290522e-5,6.356898250957675e-5,1.1842796783625986e-5,1.4975452539989934e-6,2.967e-5
39.775,7.233339300988274e-5,6.339076575897584e-5,1.1833500178257651e-5,1.4980282378703826e-6,2.981e-5
39.9,7.214279098212653e-5,6.321299886946065e-5,1.1824680327767402e-5,1.4985133976002208e-6,2.995e-5
40.025,7.195296654097428e-5,6.303589208079104e-5,1.1816119711921611e-5,1.499000756973301e-6,3.009e-5
40.15,7.176390690551679e-5,6.285967246545164e-5,1.1807583736168962e-5,1.499490334703199e-6,3.022e-5
40.275,7.157560167725361e-5,6.26845701135684e-5,1.1798834567629955e-5,1.49998214347359e-6,3.036e-5
40.4,7.138804270052042e-5,6.251080411537897e-5,1.1789645197297868e-5,1.5004761890443566e-6,3.049e-5
40.525,7.120122432982593e-5,6.23385691927547e-5,1.1779812868992656e-5,1.5009724692509059e-6,3.062e-5
40.65,7.101514323073748e-5,6.216802379778273e-5,1.1769171053890138e-5,1.501470973144187e-6,3.075e-5
40.775,7.082979851635861e-5,6.199928038870596e-5,1.1757599244035396e-5,1.5019716802312819e-6,3.088e-5
40.9,7.064519149930353e-5,6.183239844029398e-5,1.1745029970393353e-5,1.5024745599487018e-6,3.1e-5
41.025,7.046132583497185e-5,6.1667380784167e-5,1.173145262640215e-5,1.502979571444587e-6,3.113e-5
41.15,7.027820728885884e-5,6.150417328558916e-5,1.1716913873164361e-5,1.503486663540745e-6,3.125e-5
41.275,7.009584363017837e-5,6.134266789310985e-5,1.1701514615292795e-5,1.5039957750252877e-6,3.138e-5
41.4,6.991424439849917e-5,6.118270897737655e-5,1.1685403741709294e-5,1.5045068352166713e-6,3.15e-5
41.525,6.973342072095099e-5,6.102410246929483e-5,1.1668769028542907e-5,1.5050197647888214e-6,3.162e-5
41.65,6.955338495796784e-5,6.086662719590779e-5,1.1651825768918394e-5,1.5055344767747437e-6,3.175e-5
41.775,6.937415048843012e-5,6.071004785890135e-5,1.1634803835285138e-5,1.506050877742239e-6,3.187e-5
41.9,6.919573136385718e-5,6.055412871059354e-5,1.1617933969489085e-5,1.5065688692066986e-6,3.199e-5
42.025,6.901814194465581e-5,6.039864712290333e-5,1.1601434143220376e-5,1.507088349088945e-6,3.211e-5
42.15,6.884139655775977e-5,6.024340626693114e-5,1.1585496818433656e-5,1.507609213359037e-6,3.223e-5
42.275,6.866550915764994e-5,6.008824612351189e-5,1.1570277882326037e-5,1.5081313576377336e-6,3.235e-5
42.4,6.849049298581552e-5,5.9933052116797386e-5,1.1555887921258905e-5,1.5086546789780052e-6,3.247e-5
42.525,6.831636022233018e-5,5.977776088247131e-5,1.15423863535409e-5,1.5091790775883282e-6,3.259e-5
42.65,6.814312169154236e-5,5.9622362847431435e-5,1.152977875948351e-5,1.5097044586642996e-6,3.271e-5
42.775,6.797078657418926e-5,5.9466901467651526e-5,1.1518017550390171e-5,1.5102307341979807e-6,3.283e-5
42.9,6.779936216644913e-5,5.9311469197107526e-5,1.1507005910042716e-5,1.5107578248298053e-6,3.295e-5
43.025,6.762885369801e-5,5.9156200491770275e-5,1.149660474110769e-5,1.5112856616558341e-6,3.307e-5
43.15,6.745926422444605e-5,5.90012623013929e-5,1.1486642164911797e-5,1.5118141880191939e-6,3.319e-5
43.275,6.729059456260869e-5,5.8846842620368315e-5,1.1476924966937833e-5,1.5123433611931235e-6,3.332e-5
43.4,6.712284324352537e-5,5.869313781346659e-5,1.1467251263785757e-5,1.512873153957847e-6,3.344e-5
43.525,6.695600653594537e-5,5.85403395352246e-5,1.1457423593031554e-5,1.5134035560027463e-6,3.356e-5
43.65,6.679007845600629e-5,5.838862207513698e-5,1.1447261607401045e-5,1.5139345750449463e-6,3.369e-5
43.775,6.662505088420778e-5,5.8238130903642384e-5,1.1436613580713389e-5,1.5144662376460855e-6,3.381e-5
43.9,6.646091376495831e-5,5.8088973158047036e-5,1.142536601396523e-5,1.5149985896260577e-6,3.394e-5
44.025,6.629765522655761e-5,5.7941210553997495e-5,1.1413450748469637e-5,1.5155316960371086e-6,3.406e-5
44.15,6.613526179638884e-5,5.779485535292439e-5,1.1400849153376022e-5,1.516065640593606e-6,3.418e-5
44.275,6.597371865687904e-5,5.764986942754711e-5,1.1387593136799279e-5,1.5166005245579175e-6,3.43e-5
44.4,6.581300978578732e-5,5.750616650782126e-5,1.1373762931063493e-5,1.5171364650150641e-6,3.442e-5
44.525,6.565311820667411e-5,5.736361753566769e-5,1.1359481799486755e-5,1.517673592642873e-6,3.454e-5
44.65,6.549402614525653e-5,5.722205873587294e-5,1.134490800760175e-5,1.5182120488944772e-6,3.466e-5
44.775,6.53357152406491e-5,5.708130186282556e-5,1.1330224568279012e-5,1.518751982733186e-6,3.478e-5
44.9,6.517816670462782e-5,5.694114607230174e-5,1.1315627410233755e-5,1.519293546834978e-6,3.489e-5
45.025,6.502136163331752e-5,5.6801390603680165e-5,1.1301312713757567e-5,1.519836893720472e-6,3.5e-5
45.15,6.48652811022954e-5,5.666184744661145e-5,1.128746421024753e-5,1.5203821715952517e-6,3.511e-5
45.275,6.470990630124121e-5,5.652235321208793e-5,1.1274241239070816e-5,1.5209295203588062e-6,3.522e-5
45.4,6.455521864185317e-5,5.6382779511403014e-5,1.1261768308267477e-5,1.5214790676881918e-6,3.533e-5
45.525,6.440119990314252e-5,5.624304118139367e-5,1.125012680919595e-5,1.522030925637748e-6,3.544e-5
45.65,6.42478323562052e-5,5.6103101839433176e-5,1.1239349401888116e-5,1.522585187617961e-6,3.555e-5
45.775,6.409509886855783e-5,5.5962976407241203e-5,1.122941742000112e-5,1.5231419261562423e-6,3.565e-5
45.9,6.394298301488517e-5,5.5822730455892016e-5,1.1220261456973384e-5,1.5237011914050487e-6,3.575e-5
46.025,6.379146917688158e-5,5.5682476421079284e-5,1.121176509731454e-5,1.5242630105499533e-6,3.586e-5
46.15,6.364054268660574e-5,5.5542366914378896e-5,1.1203771562480176e-5,1.5248273881642397e-6,3.596e-5
46.275,6.349018989330322e-5,5.540258554153362e-5,1.1196092861476855e-5,1.5253943073845424e-6,3.606e-5
46.4,6.334039830740065e-5,5.526333579571458e-5,1.1188520881402474e-5,1.5259637320491497e-6,3.616e-5
46.525,6.319115662473059e-5,5.512482870473385e-5,1.1180839735508481e-5,1.5265356094475007e-6,3.626e-5
46.65,6.30424549575916e-5,5.4987270035053285e-5,1.1172838608676786e-5,1.5271098739029283e-6,3.636e-5
46.775,6.289428486329461e-5,5.485084777613985e-5,1.1164324313336008e-5,1.527686450502025e-6,3.646e-5
46.9,6.274663947096217e-5,5.4715720684801794e-5,1.1155132785945717e-5,1.528265259392618e-6,3.655e-5
47.025,6.2599513508174e-5,5.458200862229862e-5,1.1145138823534386e-5,1.5288462197369802e-6,3.665e-5
47.15,6.245290336805041e-5,5.444978523439769e-5,1.1134263467158764e-5,1.5294292537769304e-6,3.675e-5
47.275,6.230680713711113e-5,5.4319073418852696e-5,1.1122478587655704e-5,1.5300142901560041e-6,3.684e-5
47.4,6.216122464486372e-5,5.418984392625292e-5,1.1109808399312124e-5,1.5306012669750217e-6,3.693e-5
47.525,6.201615741845765e-5,5.406201707933497e-5,1.1096327819886432e-5,1.5311901337864664e-6,3.703e-5
47.65,6.187160855864451e-5,5.393546744878378e-5,1.1082157786012529e-5,1.5317808529494571e-6,3.712e-5
47.775,6.172758265849125e-5,5.38100313156996e-5,1.1067457820917081e-5,1.5323733998438008e-6,3.721e-5
47.9,6.158408565182035e-5,5.3685516435440065e-5,1.10524163177463e-5,1.532967762314914e-6,3.731e-5
48.025,6.144112469959619e-5,5.356171344575643e-5,1.1037239142824602e-5,1.5335639391688325e-6,3.74e-5
48.15,6.12987079508052e-5,5.343840822637859e-5,1.1022137262239647e-5,1.534161937851997e-6,3.749e-5
48.275,6.115684437702825e-5,5.331539444499584e-5,1.1007314152867775e-5,1.5347617716051873e-6,3.758e-5
48.4,6.101554345763814e-5,5.319248554348413e-5,1.0992953768082634e-5,1.5353634561468028e-6,3.767e-5
48.525,6.087481503000006e-5,5.306952544216074e-5,1.0979209791702264e-5,1.5359670062975897e-6,3.776e-5
48.65,6.0734668950485213e-5,5.294639726975053e-5,1.0966196831379139e-5,1.536572432426111e-6,3.786e-5
48.775,6.0595114912282636e-5,5.282302962404725e-5,1.0953984079839964e-5,1.5371797374563968e-6,3.795e-5
48.9,6.0456162138975354e-5,5.2699399992083026e-5,1.0942591818571393e-5,1.5377889141742382e-6,3.805e-5
49.025,6.031781921107987e-5,5.25755351349732e-5,1.0931990960954863e-5,1.5383999435033706e-6,3.814e-5
49.15,6.0180093833489545e-5,5.245150843542114e-5,1.0922105644184118e-5,1.5390127934095567e-6,3.824e-5
49.275,6.0042992685947805e-5,5.232743438901286e-5,1.091281868998648e-5,1.5396274190266954e-6,3.833e-5
49.4,5.990652128599125e-5,5.2203460601005146e-5,1.0903979578641959e-5,1.540243763625527e-6,3.843e-5
49.525,5.977068384933147e-5,5.207975776534724e-5,1.089541442582184e-5,1.5408617607543643e-6,3.853e-5
49.65,5.963548323064529e-5,5.195650830142847e-5,1.0886937330619113e-5,1.5414813371581465e-6,3.863e-5
49.775,5.950092085330431e-5,5.18338943925147e-5,1.0878362380282282e-5,1.5421024165731587e-6,3.873e-5
49.9,5.936699680717833e-5,5.1712086109562496e-5,1.0869515561037735e-5,1.5427249239992712e-6,3.883e-5
50.025,5.923370980468312e-5,5.15912303832846e-5,1.0860245832340972e-5,1.5433487903672265e-6,3.893e-5
50.15,5.9101057292868714e-5,5.1471441510678795e-5,1.0850434677400583e-5,1.5439739572331702e-6,3.903e-5
50.275,5.8969035441509215e-5,5.135279377538837e-5,1.08400035394245e-5,1.5446003812271493e-6,3.913e-5
50.4,5.883763931104523e-5,5.123531662931992e-5,1.0828918687469338e-5,1.5452280379980689e-6,3.923e-5
50.525,5.8706862783177764e-5,5.111899272950615e-5,1.0817193216738133e-5,1.5458569253358803e-6,3.932e-5
50.65,5.857669890748741e-5,5.100375903900562e-5,1.0804886068286909e-5,1.5464870653206773e-6,3.942e-5
50.775,5.844713988213424e-5,5.088951077929437e-5,1.0792098139535003e-5,1.5471185052782667e-6,3.952e-5
50.9,5.831817719831599e-5,5.077610797287828e-5,1.0778965737798783e-5,1.5477513174859413e-6,3.961e-5
51.025,5.818980157137699e-5,5.066338421494522e-5,1.0765651792247241e-5,1.5483855975543628e-6,3.97e-5
51.15,5.8062003207648896e-5,5.055115720850867e-5,1.0752335378971735e-5,1.549021461546415e-6,3.979e-5
51.275,5.793477183165126e-5,5.043924027572579e-5,1.0739200218290706e-5,1.5496590419269657e-6,3.988e-5
51.4,5.7808096819808545e-5,5.032745416710062e-5,1.0726422866168e-5,1.5502984825064592e-6,3.997e-5
51.525,5.7681967198957716e-5,5.021563837572004e-5,1.071416133803695e-5,1.5509399327147625e-6,4.006e-5
51.65,5.755637170059525e-5,5.010366131953709e-5,1.0702544874811831e-5,1.551583541442314e-6,4.014e-5
51.775,5.74312988308894e-5,4.999142874187189e-5,1.0691665488235477e-5,1.552229450801841e-6,4.023e-5
51.9,5.73067369065706e-5,4.9878889815045816e-5,1.068157181184893e-5,1.5528777900565692e-6,4.031e-5
52.025,5.718267416136179e-5,4.976604053866791e-5,1.0672265639748493e-5,1.553528670114632e-6,4.04e-5
52.15,5.7059098750829505e-5,4.965292424131268e-5,1.0663701368140853e-5,1.5541821789293942e-6,4.048e-5
52.275,5.6935998902087466e-5,4.9539629151576805e-5,1.0655788374398069e-5,1.5548383780048033e-6,4.056e-5
52.4,5.681336290425414e-5,4.9426283183213116e-5,1.0648396186315678e-5,1.5554973002127399e-6,4.064e-5
52.525,5.669117930288419e-5,4.931304626945481e-5,1.0641362121806874e-5,1.5561589490539908e-6,4.072e-5
52.65,5.6569436920232436e-5,4.920010071223747e-5,1.0634500927237046e-5,1.5568232994208868e-6,4.08e-5
52.775,5.644812502910036e-5,4.90876401113886e-5,1.0627615820053006e-5,1.557490299748291e-6,4.089e-5
52.9,5.632723338859627e-5,4.8975857642331846e-5,1.062051025525211e-5,1.5581598755741e-6,4.097e-5
53.025,5.6206752475502064e-5,4.886493430921211e-5,1.0612999692956279e-5,1.5588319341317202e-6,4.105e-5
53.15,5.60866735224964e-5,4.8755027919347244e-5,1.0604922644780583e-5,1.5595063698771358e-6,4.112e-5
53.275,5.5966988762194725e-5,4.864626353496057e-5,1.0596150322987458e-5,1.560183070502583e-6,4.12e-5
53.4,5.584769142778258e-5,4.8538725842301e-5,1.0586594303971984e-5,1.5608619232404083e-6,4.128e-5
53.525,5.5728775885053585e-5,4.843245398302784e-5,1.0576211740973842e-5,1.5615428208835027e-6,4.136e-5
53.65,5.5610237647594635e-5,4.832743917273193e-5,1.0565007811840631e-5,1.5622256674163985e-6,4.143e-5
53.775,5.549207354114341e-5,4.822362524753681e-5,1.0553035259694743e-5,1.5629103827554554e-6,4.151e-5
53.9,5.537428168466896e-5,4.812091202403957e-5,1.0540391062796687e-5,1.5635969064426143e-6,4.158e-5
54.025,5.525686150012375e-5,4.8019161329815476e-5,1.0527210446030867e-5,1.564285200002471e-6,4.166e-5
54.15,5.5139813635332694e-5,4.791820528518317e-5,1.051365860873118e-5,1.5649752479584465e-6,4.173e-5
54.275,5.502313995132966e-5,4.78178563893119e-5,1.0499920683328954e-5,1.5656670573138229e-6,4.18e-5
54.4,5.490684344394096e-5,4.7717918689193726e-5,1.048619054619308e-5,1.5663606556593548e-6,4.188e-5
54.525,5.47909280794513e-5,4.761819939834331e-5,1.0472659170222899e-5,1.5670560879848783e-6,4.195e-5
54.65,5.4675398687699175e-5,4.751852024904076e-5,1.0459503234011605e-5,1.5677534124284287e-6,4.202e-5
54.775,5.456026075783588e-5,4.741872787701275e-5,1.0446874684258006e-5,1.568452695284624e-6,4.209e-5
54.9,5.4445520321442295e-5,4.731870261630989e-5,1.0434891886796237e-5,1.5691540054787075e-6,4.217e-5
55.025,5.433118372655326e-5,4.72183651680792e-5,1.0423632901391634e-5,1.5698574089035128e-6,4.224e-5
55.15,5.4217257522901054e-5,4.7117680735972315e-5,1.0413131282328653e-5,1.5705629630104889e-6,4.231e-5
55.275,5.4103748229530146e-5,4.701666039384814e-5,1.0403374649427723e-5,1.5712707120465334e-6,4.239e-5
55.4,5.3990662237458356e-5,4.691535961415156e-5,1.0394306102121685e-5,1.5719806830856503e-6,4.246e-5
55.525,5.387800557758052e-5,4.6813874061763506e-5,1.0385828372894259e-5,1.5726928832846282e-6,4.254e-5
55.65,5.376578391063473e-5,4.671233295628041e-5,1.0377810447775504e-5,1.573407298414289e-6,4.262e-5
55.775,5.3654002342560965e-5,4.661089036986724e-5,1.0370096230016965e-5,1.5741238929020121e-6,4.269e-5
55.9,5.354266538447044e-5,4.6509715071390994e-5,1.0362514698314442e-5,1.5748426112716772e-6,4.277e-5
56.025,5.343177683572167e-5,4.6408979511013295e-5,1.0354890920453227e-5,1.5755633809867256e-6,4.285e-5
56.15,5.332133983897061e-5,4.630884867870022e-5,1.0347057232923542e-5,1.5762861164877234e-6,4.293e-5
56.275,5.3211356725318205e-5,4.6209469442398356e-5,1.033886388930537e-5,1.5770107242676286e-6,4.3e-5
56.4,5.310182914753507e-5,4.6110961185421177e-5,1.0330188515521996e-5,1.5777371085738999e-6,4.308e-5
56.525,5.299275807191144e-5,4.601340819756018e-5,1.0320943787204338e-5,1.5784651774851635e-6,4.316e-5
56.65,5.288414380538796e-5,4.5916854290621336e-5,1.03110828570215e-5,1.5791948489400236e-6,4.323e-5
56.775,5.277598594945643e-5,4.582129998041231e-5,1.0300602200449132e-5,1.5799260564102782e-6,4.331e-5
56.9,5.266828343818498e-5,4.5726702443192306e-5,1.0289541710227061e-5,1.580658753771373e-6,4.338e-5
57.025,5.2561034640497936e-5,4.563297823324287e-5,1.0277982041640595e-5,1.5813929191061799e-6,4.346e-5
57.15,5.2454237368429237e-5,4.554000856602525e-5,1.0266039382501645e-5,1.5821285571917352e-6,4.353e-5
57.275,5.234788886010767e-5,4.544764678917652e-5,1.025385798121071e-5,1.582865700504109e-6,4.36e-5
57.4,5.2241985816405745e-5,4.535572766371994e-5,1.0241600904624432e-5,1.5836044086838885e-6,4.367e-5
57.525,5.2136524411679165e-5,4.526407778815428e-5,1.0229439606793557e-5,1.5843447663960224e-6,4.373e-5
57.65,5.203150025063679e-5,4.51725265390593e-5,1.021754296198368e-5,1.5850868796984363e-6,4.38e-5
57.775,5.1926908398510205e-5,4.5080916863774026e-5,1.0206066447210993e-5,1.585830871146363e-6,4.386e-5
57.9,5.1822743336321484e-5,4.4989115233250384e-5,1.0195142149315747e-5,1.5865768738906666e-6,4.393e-5
58.025,5.17189990091149e-5,4.489702015863257e-5,1.018487021915746e-5,1.587325025064155e-6,4.399e-5
58.15,5.1615668777834645e-5,4.480456869593005e-5,1.01753123046187e-5,1.5880754588612328e-6,4.405e-5
58.275,5.151274546789883e-5,4.471174057810038e-5,1.0166487370050122e-5,1.5888282997350217e-6,4.411e-5
58.4,5.141022135562062e-5,4.461855970090537e-5,1.0158370161418407e-5,1.5895836560744275e-6,4.417e-5
58.525,5.1308088238236085e-5,4.452509286932081e-5,1.0150892412030915e-5,1.5903416146377815e-6,4.424e-5
58.65,5.120633745465194e-5,4.443144589172494e-5,1.0143946713645814e-5,1.5911022361868732e-6,4.43e-5
58.775,5.110495998752552e-5,4.433775725391062e-5,1.0137392813253602e-5,1.591865552540235e-6,4.436e-5
58.9,5.100394651433711e-5,4.424418977017123e-5,1.0131065946149407e-5,1.592631565216622e-6,4.442e-5
59.025,5.0903287538825714e-5,4.415092072058043e-5,1.0124786690705765e-5,1.5934002457293536e-6,4.448e-5
59.15,5.08029735044182e-5,4.4058131098288005e-5,1.0118371737105071e-5,1.5941715375230982e-6,4.454e-5
59.275,5.0702994921376605e-5,4.3965994594176695e-5,1.0111644907046961e-5,1.5949453594351313e-6,4.46e-5
59.4,5.0603342479733236e-5,4.387466703430924e-5,1.0104447746916056e-5,1.595721610513239e-6,4.466e-5
59.525,5.050400721623025e-5,4.378427691161708e-5,1.0096649044767172e-5,1.596500175825489e-6,4.472e-5
59.65,5.040498062184748e-5,4.3694917566572546e-5,1.0088152688993486e-5,1.5972809330136441e-6,4.477e-5
59.775,5.0306254794370263e-5,4.3606641542988495e-5,1.0078903389938969e-5,1.598063759139669e-6,4.483e-5
59.9,5.020782259820375e-5,4.3519457389185454e-5,1.0068889918237689e-5,1.598848537461597e-6,4.489e-5
60.025,5.0109677769190236e-5,4.34333291676074e-5,1.0058145666964013e-5,1.5996351637428573e-6,4.495e-5
